DD008-1VL,HM127,311640,31.10.2018 г. 0:00:00,4,,,EUR
DD009-1VL,HM127,312685,31.7.2018 г. 0:00:00,45,,,EUR
DD015-1VL,HM127,312213,31.3.2019 г. 0:00:00,13,,,EUR
DD018-1VL,HM127,311276,30.9.2018 г. 0:00:00,13,,,EUR
DD018-1VL,HM127,300504,30.6.2018 г. 0:00:00,12,,,EUR
DD020-1VL,HM127,306391,31.8.2018 г. 0:00:00,2,,,EUR
DD021-1VL,HM127,306392,31.8.2018 г. 0:00:00,2,,,EUR
DD022-1VL,HM127,304187,31.7.2018 г. 0:00:00,2,,,EUR
FD014-4X5VL,HM127,307861,31.7.2019 г. 0:00:00,1,,,EUR
FD036-5VL,HM127,301198,31.5.2019 г. 0:00:00,1,,,EUR
FD046-100MLX5VL,HM127,312619,31.10.2018 г. 0:00:00,2,,,EUR
FD061-5VL,HM127,306933,31.7.2019 г. 0:00:00,1,,,EUR
FD096-5X5VL,HM127,312571,30.9.2019 г. 0:00:00,2,,,EUR
FD125I-5X5VL,HM127,312316,30.9.2019 г. 0:00:00,5,,,EUR
FD141-5X5VL,HM127,311789,30.9.2019 г. 0:00:00,14,,,EUR
FD203-5VL,HM127,312238,30.9.2019 г. 0:00:00,18,,,EUR
FD248-2X5VL,HM127,312906,31.10.2018 г. 0:00:00,7,,,EUR
FL039-50PT,HM127,FLL113,30.9.2018 г. 0:00:00,1,,,EUR
GM029-500G,HM127,309356,31.8.2022 г. 0:00:00,1,,,EUR
GM031-500G,HM127,309276,31.8.2022 г. 0:00:00,1,,,EUR
GM043-500G,HM127,280394,31.10.2021 г. 0:00:00,2,,,EUR
GM121-500G,HM127,293616,31.3.2022 г. 0:00:00,1,,,EUR
GM1327-500G,HM127,288877,31.1.2022 г. 0:00:00,5,,,EUR
GM1494I-500G,HM127,292553,28.2.2022 г. 0:00:00,35,,,EUR
GM369-500G,HM127,306754,31.7.2021 г. 0:00:00,60,,,EUR
GMH063-500G,HM127,283476,30.11.2021 г. 0:00:00,2,,,EUR
GMH083-500G,HM127,310578,31.8.2022 г. 0:00:00,1,,,EUR
GMH290-500G,HM127,312516,30.9.2022 г. 0:00:00,2,,,EUR
GRM026-500G,HM127,294878,31.3.2021 г. 0:00:00,1,,,EUR
GRM1136-100ML,HM127,301423,31.5.2021 г. 0:00:00,1,,,EUR
GRM1254-500G,HM127,303270,30.6.2021 г. 0:00:00,1,,,EUR
GRM225-125G,HM127,291291,28.2.2019 г. 0:00:00,1,,,EUR
HX008-1PK,HM127,313180,31.10.2018 г. 0:00:00,10,,,EUR
K001-1KT,HM127,304109,30.6.2020 г. 0:00:00,8,,,EUR
LA008A-5X50NO,HM127,295480,31.3.2022 г. 0:00:00,5,,,EUR
LA022-10X10NO,HM127,291932,30.4.2022 г. 0:00:00,1,,,EUR
LQ007A-10X70ML,HM127,LQL1032,31.10.2018 г. 0:00:00,17,,,EUR
LQ009-10X20ML,HM127,LQL771,31.8.2018 г. 0:00:00,7,,,EUR
LQ009A-10X70ML,HM127,LQL1031,31.10.2018 г. 0:00:00,48,,,EUR
LQ012-10BT,HM127,LQL821,30.9.2018 г. 0:00:00,20,,,EUR
LQ015-50X5ML,HM127,LQL628,31.12.2018 г. 0:00:00,3,,,EUR
LQ027-10X100ML,HM127,LQL666,31.12.2018 г. 0:00:00,2,,,EUR
LQ027X-50X10ML,HM127,LQL905,28.2.2019 г. 0:00:00,5,,,EUR
LQ033-10BT,HM127,LQL996,31.10.2018 г. 0:00:00,1,,,EUR
LQ070-50X10ML,HM127,LQL1033,31.10.2018 г. 0:00:00,13,,,EUR
LQ071-50X5ML,HM127,LQL1014,31.10.2018 г. 0:00:00,10,,,EUR
LQ092-50X10ML,HM127,LQL1009,31.10.2018 г. 0:00:00,3,,,EUR
LQ093-50X10ML,HM127,LQL1013,31.3.2019 г. 0:00:00,12,,,EUR
LQ126-50X3ML,HM127,LQL1012,31.10.2018 г. 0:00:00,25,,,EUR
M001A-500G,HM127,307816,31.7.2022 г. 0:00:00,1,,,EUR
M025-100G,HM127,303635,30.6.2022 г. 0:00:00,4,,,EUR
M025-500G,HM127,309148,31.8.2022 г. 0:00:00,7,,,EUR
M029-500G,HM127,309177,31.8.2022 г. 0:00:00,4,,,EUR
M031I-500G,HM127,298226,30.4.2021 г. 0:00:00,6,,,EUR
M043-100G,HM127,307773,31.7.2022 г. 0:00:00,1,,,EUR
M043-500G,HM127,307773,31.7.2022 г. 0:00:00,1,,,EUR
M065-100G,HM127,290748,28.2.2022 г. 0:00:00,1,,,EUR
M065-500G,HM127,290748,28.2.2022 г. 0:00:00,1,,,EUR
M066-500G,HM127,299781,31.5.2022 г. 0:00:00,2,,,EUR
M073-500G,HM127,307726,31.7.2022 г. 0:00:00,10,,,EUR
M078-500G,HM127,302274,31.5.2022 г. 0:00:00,5,,,EUR
M081-500G,HM127,305919,31.7.2022 г. 0:00:00,1,,,EUR
M1000-500G,HM127,294341,31.3.2022 г. 0:00:00,1,,,EUR
M1029-500G,HM127,304837,30.6.2022 г. 0:00:00,1,,,EUR
M1063-500G,HM127,313238,30.9.2022 г. 0:00:00,1,,,EUR
M1064-500G,HM127,309179,31.8.2022 г. 0:00:00,2,,,EUR
M108-500G,HM127,306329,31.7.2022 г. 0:00:00,1,,,EUR
M1084-500G,HM127,307033,31.7.2022 г. 0:00:00,1,,,EUR
M1129-500G,HM127,302478,31.5.2021 г. 0:00:00,3,,,EUR
M112I-500G,HM127,295356,31.3.2022 г. 0:00:00,1,,,EUR
M1139-500G,HM127,281678,30.11.2021 г. 0:00:00,1,,,EUR
M121S-500G,HM127,312074,30.9.2022 г. 0:00:00,2,,,EUR
M1272-500G,HM127,280660,31.10.2021 г. 0:00:00,7,,,EUR
M1326-500G,HM127,297563,30.4.2022 г. 0:00:00,1,,,EUR
M1327-500G,HM127,301040,31.5.2022 г. 0:00:00,8,,,EUR
M1342-500G,HM127,302417,31.5.2022 г. 0:00:00,2,,,EUR
M148I-500G,HM127,305912,31.7.2021 г. 0:00:00,2,,,EUR
M173-100G,HM127,298622,30.4.2022 г. 0:00:00,2,,,EUR
M173-500G,HM127,308190,31.7.2022 г. 0:00:00,18,,,EUR
M1991I-500G,HM127,309317,31.8.2021 г. 0:00:00,10,,,EUR
M210-500G,HM127,306474,31.7.2022 г. 0:00:00,1,,,EUR
M287-500G,HM127,312353,30.9.2022 г. 0:00:00,1,,,EUR
M368-500G,HM127,309354,31.8.2022 г. 0:00:00,1,,,EUR
M376I-500G,HM127,277128,30.9.2021 г. 0:00:00,1,,,EUR
M467-500G,HM127,297789,30.4.2022 г. 0:00:00,4,,,EUR
M641-500G,HM127,302635,31.5.2021 г. 0:00:00,1,,,EUR
M641I-500G,HM127,302007,31.5.2021 г. 0:00:00,2,,,EUR
M643-500G,HM127,308248,31.7.2021 г. 0:00:00,1,,,EUR
M643I-500G,HM127,293547,31.3.2021 г. 0:00:00,2,,,EUR
M837I-500G,HM127,307440,31.7.2022 г. 0:00:00,2,,,EUR
M971-500G,HM127,280056,31.10.2021 г. 0:00:00,3,,,EUR
ME1067-500G,HM127,298148,30.4.2021 г. 0:00:00,1,,,EUR
MH011-500G,HM127,308667,31.8.2022 г. 0:00:00,1,,,EUR
MS5002-100NO,HM127,MSL156,30.9.2019 г. 0:00:00,140,,,EUR
R008-100ML,HM127,309061,31.8.2020 г. 0:00:00,3,,,EUR
R092-1NO,HM127,309095,31.8.2019 г. 0:00:00,4,,,EUR
S012-500ML,HM127,307157,31.7.2020 г. 0:00:00,1,,,EUR
S019-500ML,HM127,308792,31.8.2020 г. 0:00:00,3,,,EUR
S022-500ML,HM127,302062,31.5.2020 г. 0:00:00,2,,,EUR
S027-125ML,HM127,311160,31.8.2020 г. 0:00:00,2,,,EUR
SD002-1PK,HM127,311773,31.1.2019 г. 0:00:00,20,,,EUR
SD002A-1PK,HM127,307382,30.11.2018 г. 0:00:00,1,,,EUR
SD006-1PK,HM127,312556,30.9.2019 г. 0:00:00,15,,,EUR
SD009-1PK,HM127,313671,30.9.2019 г. 0:00:00,8,,,EUR
SD010-1PK,HM127,312205,30.9.2019 г. 0:00:00,30,,,EUR
SD013-1PK,HM127,311164,31.8.2019 г. 0:00:00,25,,,EUR
SD016-1PK,HM127,312292,30.9.2019 г. 0:00:00,40,,,EUR
SD017-1PK,HM127,306686,31.7.2019 г. 0:00:00,1,,,EUR
SD021-1PK,HM127,306922,31.7.2019 г. 0:00:00,15,,,EUR
SD023-1PK,HM127,312432,30.9.2019 г. 0:00:00,4,,,EUR
SD028-1PK,HM127,312044,31.3.2019 г. 0:00:00,2,,,EUR
SD029-1PK,HM127,311884,30.9.2019 г. 0:00:00,1,,,EUR
SD030-1PK,HM127,310765,31.8.2019 г. 0:00:00,7,,,EUR
SD035-1PK,HM127,311885,31.3.2019 г. 0:00:00,25,,,EUR
SD037-1PK,HM127,312768,31.1.2019 г. 0:00:00,17,,,EUR
SD041-1PK,HM127,311167,31.12.2018 г. 0:00:00,25,,,EUR
SD044-1PK,HM127,310880,31.12.2018 г. 0:00:00,10,,,EUR
SD045-1PK,HM127,310649,31.8.2019 г. 0:00:00,4,,,EUR
SD047-1PK,HM127,310650,31.12.2018 г. 0:00:00,5,,,EUR
SD048-1PK,HM127,309942,31.12.2018 г. 0:00:00,4,,,EUR
SD050-1PK,HM127,301187,30.9.2018 г. 0:00:00,1,,,EUR
SD051-1PK,HM127,312206,31.1.2019 г. 0:00:00,18,,,EUR
SD057-1PK,HM127,312558,30.9.2019 г. 0:00:00,15,,,EUR
SD060-1PK,HM127,312046,30.9.2019 г. 0:00:00,35,,,EUR
SD061-1PK,HM127,312294,31.1.2019 г. 0:00:00,38,,,EUR
SD062-1PK,HM127,310767,31.12.2018 г. 0:00:00,6,,,EUR
SD062A-1PK,HM127,313027,31.1.2019 г. 0:00:00,28,,,EUR
SD063-1PK,HM127,311774,31.1.2019 г. 0:00:00,45,,,EUR
SD065-1PK,HM127,311775,31.1.2019 г. 0:00:00,15,,,EUR
SD066A-1PK,HM127,306592,30.11.2018 г. 0:00:00,4,,,EUR
SD073-5VL,HM127,311169,30.9.2018 г. 0:00:00,10,,,EUR
SD086-1PK,HM127,309137,31.8.2019 г. 0:00:00,3,,,EUR
SD087-1PK,HM127,312207,30.9.2019 г. 0:00:00,6,,,EUR
SD089-1PK,HM127,311778,31.3.2019 г. 0:00:00,5,,,EUR
SD112-1PK,HM127,312681,31.1.2019 г. 0:00:00,20,,,EUR
SD115-1PK,HM127,308077,30.11.2018 г. 0:00:00,2,,,EUR
SD116-1PK,HM127,307384,30.11.2018 г. 0:00:00,1,,,EUR
SD121-1PK,HM127,311633,31.3.2019 г. 0:00:00,1,,,EUR
SD155-1PK,HM127,306596,31.7.2019 г. 0:00:00,1,,,EUR
SD157-1PK,HM127,310769,31.12.2018 г. 0:00:00,1,,,EUR
SD158-1PK,HM127,311780,31.1.2019 г. 0:00:00,1,,,EUR
SD170-1PK,HM127,307258,31.7.2019 г. 0:00:00,4,,,EUR
SD171-1PK,HM127,308615,31.8.2019 г. 0:00:00,1,,,EUR
SD192-1PK,HM127,306868,31.7.2019 г. 0:00:00,5,,,EUR
SD196-1PK,HM127,304259,30.6.2019 г. 0:00:00,12,,,EUR
SD203-1PK,HM127,308854,31.12.2018 г. 0:00:00,13,,,EUR
SD205-1PK,HM127,313031,31.1.2019 г. 0:00:00,13,,,EUR
SD207-1PK,HM127,311887,31.10.2018 г. 0:00:00,1,,,EUR
SD211-1PK,HM127,312437,30.9.2019 г. 0:00:00,3,,,EUR
SD213-1PK,HM127,311275,31.8.2019 г. 0:00:00,5,,,EUR
SD215-1PK,HM127,311368,31.12.2018 г. 0:00:00,2,,,EUR
SD216-1PK,HM127,313337,30.9.2019 г. 0:00:00,33,,,EUR
SD217-1PK,HM127,311635,30.9.2019 г. 0:00:00,1,,,EUR
SD219-1PK,HM127,309647,31.12.2018 г. 0:00:00,5,,,EUR
SD224-1PK,HM127,307136,30.11.2018 г. 0:00:00,1,,,EUR
SD259-1PK,HM127,313033,31.1.2019 г. 0:00:00,4,,,EUR
SD273-1PK,HM127,299854,30.9.2018 г. 0:00:00,1,,,EUR
SD277-1PK,HM127,311066,31.12.2018 г. 0:00:00,3,,,EUR
SD278-1PK,HM127,312210,31.1.2019 г. 0:00:00,10,,,EUR
SD280-5VL,HM127,312780,31.1.2019 г. 0:00:00,1,,,EUR
SD292E-1PK,HM127,304998,31.10.2018 г. 0:00:00,13,,,EUR
SD293E-1PK,HM127,297741,31.8.2018 г. 0:00:00,3,,,EUR
SD295E-1PK,HM127,301005,30.9.2018 г. 0:00:00,3,,,EUR
SD725-1PK,HM127,310657,31.12.2018 г. 0:00:00,3,,,EUR
SD727-5VL,HM127,311370,30.9.2018 г. 0:00:00,6,,,EUR
SD748-1PK,HM127,299474,31.8.2018 г. 0:00:00,1,,,EUR
SL031-25SL,HM127,SLL131,31.10.2018 г. 0:00:00,3,,,EUR
SL034-25SL,HM127,SLL128,31.10.2018 г. 0:00:00,20,,,EUR
SL035-25SL,HM127,SLL130,31.10.2018 г. 0:00:00,9,,,EUR
SL044-25SL,HM127,SLL127,31.10.2018 г. 0:00:00,2,,,EUR
